Run,ReleaseDate,LoadDate,spots,bases,spots_with_mates,avgLength,size_MB,AssemblyName,download_path,Experiment,LibraryName,LibraryStrategy,LibrarySelection,LibrarySource,LibraryLayout,InsertSize,InsertDev,Platform,Model,SRAStudy,BioProject,Study_Pubmed_id,ProjectID,Sample,BioSample,SampleType,TaxID,ScientificName,SampleName,g1k_pop_code,source,g1k_analysis_group,Subject_ID,Sex,Disease,Tumor,Affection_Status,Analyte_Type,Histological_Type,Body_Site,CenterName,Submission,dbgap_study_accession,Consent,RunHash,ReadHash
SRR9204468,2019-06-05 13:15:27,2019-06-05 13:12:52,96147,58072788,96147,604,37,,https://sra-downloadb.be-md.ncbi.nlm.nih.gov/sos2/sra-pub-run-15/SRR9204468/SRR9204468.1,SRX5975651,C14iexposed071717L,AMPLICON,PCR,METAGENOMIC,PAIRED,0,0,ILLUMINA,Illumina MiSeq,SRP200522,PRJNA546259,,546259,SRS4882360,SAMN11958402,simple,496922,coral metagenome,C14iexposed071717L_S1,,,,,,,no,,,,,NOAA/AOML,SRA894501,,public,0194C17AF827B9F9E702FEA9207E3566,2949E39B4FA64A78C163FAE24A265372
SRR9204466,2019-06-05 13:15:27,2019-06-05 13:12:59,203501,122914604,203501,604,74,,https://sra-downloadb.be-md.ncbi.nlm.nih.gov/sos3/sra-pub-run-19/SRR9204466/SRR9204466.1,SRX5975653,C14jexposed071717L,AMPLICON,PCR,METAGENOMIC,PAIRED,0,0,ILLUMINA,Illumina MiSeq,SRP200522,PRJNA546259,,546259,SRS4882362,SAMN11958403,simple,496922,coral metagenome,C14jexposed071717L_S2,,,,,,,no,,,,,NOAA/AOML,SRA894501,,public,15F42F76CDCE4D744D3C7D100899E739,85E00A95969130F6916F34E5647BC7C9
SRR9204465,2019-06-05 13:15:27,2019-06-05 13:12:53,178668,107915472,178668,604,63,,https://sra-downloadb.be-md.ncbi.nlm.nih.gov/sos2/sra-pub-run-15/SRR9204465/SRR9204465.1,SRX5975654,C14kexposed071717L,AMPLICON,PCR,METAGENOMIC,PAIRED,0,0,ILLUMINA,Illumina MiSeq,SRP200522,PRJNA546259,,546259,SRS4882363,SAMN11958404,simple,496922,coral metagenome,C14kexposed071717L_S3,,,,,,,no,,,,,NOAA/AOML,SRA894501,,public,BD2BA4C984BA1E8550DF700AEA4F44B5,E7742F1B627EB967FBDD184AD8368B45
SRR9204495,2019-06-05 13:15:26,2019-06-05 13:13:04,161665,97645660,161665,604,57,,https://sra-downloadb.be-md.ncbi.nlm.nih.gov/sos3/sra-pub-run-19/SRR9204495/SRR9204495.1,SRX5975624,C18abaseline070217M,AMPLICON,PCR,METAGENOMIC,PAIRED,0,0,ILLUMINA,Illumina MiSeq,SRP200522,PRJNA546259,,546259,SRS4882333,SAMN11958374,simple,496922,coral metagenome,C18abaseline070217M_S19,,,,,,,no,,,,,NOAA/AOML,SRA894501,,public,1382B5FC51256DE6020867217DB755DD,CDBC3BF19D3737C66AD93D262EB248F0
SRR9204494,2019-06-05 13:15:26,2019-06-05 13:13:20,212300,128229200,212300,604,75,,https://sra-downloadb.be-md.ncbi.nlm.nih.gov/sos2/sra-pub-run-15/SRR9204494/SRR9204494.1,SRX5975625,C18cbaseline070217M,AMPLICON,PCR,METAGENOMIC,PAIRED,0,0,ILLUMINA,Illumina MiSeq,SRP200522,PRJNA546259,,546259,SRS4882334,SAMN11958375,simple,496922,coral metagenome,C18cbaseline070217M_S15,,,,,,,no,,,,,NOAA/AOML,SRA894501,,public,4EF020BC52924DE78AA70E231FA5C485,F858D659BE08F4009C79A42B82D93556
SRR9204493,2019-06-05 13:15:26,2019-06-05 13:13:06,117036,70689744,117036,604,42,,https://sra-downloadb.be-md.ncbi.nlm.nih.gov/sos3/sra-pub-run-19/SRR9204493/SRR9204493.1,SRX5975626,C18cexposed072817M,AMPLICON,PCR,METAGENOMIC,PAIRED,0,0,ILLUMINA,Illumina MiSeq,SRP200522,PRJNA546259,,546259,SRS4882336,SAMN11958376,simple,496922,coral metagenome,C18cexposed072817M_S8,,,,,,,no,,,,,NOAA/AOML,SRA894501,,public,60C496BF8BE00517E23D19CCC63CF010,F40643AC81935B57F0A9855F2554E22A
SRR9204492,2019-06-05 13:15:26,2019-06-05 13:13:05,188949,114125196,188949,604,68,,https://sra-downloadb.be-md.ncbi.nlm.nih.gov/sos2/sra-pub-run-15/SRR9204492/SRR9204492.1,SRX5975627,C18dexposed072817M,AMPLICON,PCR,METAGENOMIC,PAIRED,0,0,ILLUMINA,Illumina MiSeq,SRP200522,PRJNA546259,,546259,SRS4882335,SAMN11958377,simple,496922,coral metagenome,C18dexposed072817M_S9,,,,,,,no,,,,,NOAA/AOML,SRA894501,,public,BE79D77CA189C4327E78499229F61AC7,14F912E6164C29467B4A9AF5C39AF655
SRR9204491,2019-06-05 13:15:26,2019-06-05 13:13:13,195665,118181660,195665,604,74,,https://sra-downloadb.be-md.ncbi.nlm.nih.gov/sos3/sra-pub-run-19/SRR9204491/SRR9204491.1,SRX5975628,C18eexposed072817M,AMPLICON,PCR,METAGENOMIC,PAIRED,0,0,ILLUMINA,Illumina MiSeq,SRP200522,PRJNA546259,,546259,SRS4882337,SAMN11958378,simple,496922,coral metagenome,C18eexposed072817M_S10,,,,,,,no,,,,,NOAA/AOML,SRA894501,,public,73EE71092F4E4724F359363EB5A73B64,0AB8445FFDC36D1DB613F03F6F60A57F
SRR9204490,2019-06-05 13:15:26,2019-06-05 13:13:12,275254,166253416,275254,604,98,,https://sra-downloadb.be-md.ncbi.nlm.nih.gov/sos3/sra-pub-run-19/SRR9204490/SRR9204490.1,SRX5975629,C20abaseline070217M,AMPLICON,PCR,METAGENOMIC,PAIRED,0,0,ILLUMINA,Illumina MiSeq,SRP200522,PRJNA546259,,546259,SRS4882338,SAMN11958379,simple,496922,coral metagenome,C20abaseline070217M_S21,,,,,,,no,,,,,NOAA/AOML,SRA894501,,public,D36FCF5CE1136465B044550EADAC7F72,D843168140255A07D952841B4AFBB52F
SRR9204489,2019-06-05 13:15:26,2019-06-05 13:13:05,216802,130948408,216802,604,77,,https://sra-downloadb.be-md.ncbi.nlm.nih.gov/sos2/sra-pub-run-15/SRR9204489/SRR9204489.1,SRX5975630,C20bbaseline070217M,AMPLICON,PCR,METAGENOMIC,PAIRED,0,0,ILLUMINA,Illumina MiSeq,SRP200522,PRJNA546259,,546259,SRS4882339,SAMN11958380,simple,496922,coral metagenome,C20bbaseline070217M_S11,,,,,,,no,,,,,NOAA/AOML,SRA894501,,public,F367556BEE0A381A0D85233CF665FB86,4C7F7907141B8AE27A1D8854456FB475
SRR9204488,2019-06-05 13:15:26,2019-06-05 13:13:13,259911,156986244,259911,604,92,,https://sra-downloadb.be-md.ncbi.nlm.nih.gov/sos3/sra-pub-run-19/SRR9204488/SRR9204488.1,SRX5975631,C20bexposed072817M,AMPLICON,PCR,METAGENOMIC,PAIRED,0,0,ILLUMINA,Illumina MiSeq,SRP200522,PRJNA546259,,546259,SRS4882340,SAMN11958381,simple,496922,coral metagenome,C20bexposed072817M_S12,,,,,,,no,,,,,NOAA/AOML,SRA894501,,public,7B4BA755B4EE69D599311DBFDF6D2AD5,E8733468D072D89D04B2D9E21D4C428E
SRR9204487,2019-06-05 13:15:26,2019-06-05 13:13:13,279539,168841556,279539,604,100,,https://sra-downloadb.be-md.ncbi.nlm.nih.gov/sos2/sra-pub-run-15/SRR9204487/SRR9204487.1,SRX5975632,C20cexposed072817M,AMPLICON,PCR,METAGENOMIC,PAIRED,0,0,ILLUMINA,Illumina MiSeq,SRP200522,PRJNA546259,,546259,SRS4882341,SAMN11958382,simple,496922,coral metagenome,C20cexposed072817M_S13,,,,,,,no,,,,,NOAA/AOML,SRA894501,,public,E45CD418A98BBAB108D8A7C92D2387F0,DD8FCFAC93051333A5560A18B5A5CFD3
SRR9204482,2019-06-05 13:15:26,2019-06-05 13:13:12,255933,154583532,255933,604,92,,https://sra-downloadb.be-md.ncbi.nlm.nih.gov/sos2/sra-pub-run-15/SRR9204482/SRR9204482.1,SRX5975637,C20dbaseline070217M,AMPLICON,PCR,METAGENOMIC,PAIRED,0,0,ILLUMINA,Illumina MiSeq,SRP200522,PRJNA546259,,546259,SRS4882347,SAMN11958383,simple,496922,coral metagenome,C20dbaseline070217M_S20,,,,,,,no,,,,,NOAA/AOML,SRA894501,,public,EA749819FF7F233B58CCE433BF7CA306,A30AA83FA96278035A49E293B4E128D1
SRR9204481,2019-06-05 13:15:26,2019-06-05 13:13:22,297850,179901400,297850,604,105,,https://sra-downloadb.be-md.ncbi.nlm.nih.gov/sos3/sra-pub-run-19/SRR9204481/SRR9204481.1,SRX5975638,C20dexposed072817M,AMPLICON,PCR,METAGENOMIC,PAIRED,0,0,ILLUMINA,Illumina MiSeq,SRP200522,PRJNA546259,,546259,SRS4882346,SAMN11958384,simple,496922,coral metagenome,C20dexposed072817M_S14,,,,,,,no,,,,,NOAA/AOML,SRA894501,,public,4850E3102A137DDB17CDC950515F1C7E,DEBBCFB07D46D36F41F72E4CC43AE8AA
SRR9204484,2019-06-05 13:15:26,2019-06-05 13:13:13,167510,101176040,167510,604,59,,https://sra-downloadb.be-md.ncbi.nlm.nih.gov/sos3/sra-pub-run-19/SRR9204484/SRR9204484.1,SRX5975635,C20eexposed072817M,AMPLICON,PCR,METAGENOMIC,PAIRED,0,0,ILLUMINA,Illumina MiSeq,SRP200522,PRJNA546259,,546259,SRS4882344,SAMN11958385,simple,496922,coral metagenome,C20eexposed072817M_S16,,,,,,,no,,,,,NOAA/AOML,SRA894501,,public,0DFDC9F0E5194FDEE08F8B78364A1EEC,44272A51D54DB09B0B483752323D4F77
SRR9204464,2019-06-05 13:15:27,2019-06-05 13:13:05,276058,166739032,276058,604,98,,https://sra-downloadb.be-md.ncbi.nlm.nih.gov/sos2/sra-pub-run-15/SRR9204464/SRR9204464.1,SRX5975655,C24aexposed072817L,AMPLICON,PCR,METAGENOMIC,PAIRED,0,0,ILLUMINA,Illumina MiSeq,SRP200522,PRJNA546259,,546259,SRS4882364,SAMN11958405,simple,496922,coral metagenome,C24aexposed072817L_S30,,,,,,,no,,,,,NOAA/AOML,SRA894501,,public,B64081B4EF7C266ED8F47D14E70DA064,5C9304AA638FC6F3FB39B225DB2FFDF3
SRR9204463,2019-06-05 13:15:27,2019-06-05 13:12:49,139585,84309340,139585,604,49,,https://sra-downloadb.be-md.ncbi.nlm.nih.gov/sos2/sra-pub-run-15/SRR9204463/SRR9204463.1,SRX5975656,C24bexposed072817L,AMPLICON,PCR,METAGENOMIC,PAIRED,0,0,ILLUMINA,Illumina MiSeq,SRP200522,PRJNA546259,,546259,SRS4882365,SAMN11958406,simple,496922,coral metagenome,C24bexposed072817L_S32,,,,,,,no,,,,,NOAA/AOML,SRA894501,,public,5188857E75BD5A0C3260390AE04D76A5,CEB115428C5C7382C24A9CF62F4E8A45
SRR9204462,2019-06-05 13:15:27,2019-06-05 13:12:55,263739,159298356,263739,604,94,,https://sra-downloadb.be-md.ncbi.nlm.nih.gov/sos3/sra-pub-run-19/SRR9204462/SRR9204462.1,SRX5975657,C24cbaseline070217L,AMPLICON,PCR,METAGENOMIC,PAIRED,0,0,ILLUMINA,Illumina MiSeq,SRP200522,PRJNA546259,,546259,SRS4882366,SAMN11958407,simple,496922,coral metagenome,C24cbaseline070217L_S34,,,,,,,no,,,,,NOAA/AOML,SRA894501,,public,F4858041F01B3D1250F2791DECC48472,52C26510A41C27A46441620C77CBC311
SRR9204461,2019-06-05 13:15:27,2019-06-05 13:12:55,233587,141086548,233587,604,85,,https://sra-downloadb.be-md.ncbi.nlm.nih.gov/sos3/sra-pub-run-19/SRR9204461/SRR9204461.1,SRX5975658,C24dbaseline070217L,AMPLICON,PCR,METAGENOMIC,PAIRED,0,0,ILLUMINA,Illumina MiSeq,SRP200522,PRJNA546259,,546259,SRS4882367,SAMN11958408,simple,496922,coral metagenome,C24dbaseline070217L_S36,,,,,,,no,,,,,NOAA/AOML,SRA894501,,public,93F147DB197D4BA79BB9E73EFFD9490F,18C2ADB3F65F5E6D98C199DCB81D2D50
SRR9204460,2019-06-05 13:15:27,2019-06-05 13:13:08,382428,230986512,382428,604,137,,https://sra-downloadb.be-md.ncbi.nlm.nih.gov/sos3/sra-pub-run-19/SRR9204460/SRR9204460.1,SRX5975659,C24dexposed072817L,AMPLICON,PCR,METAGENOMIC,PAIRED,0,0,ILLUMINA,Illumina MiSeq,SRP200522,PRJNA546259,,546259,SRS4882368,SAMN11958409,simple,496922,coral metagenome,C24dexposed072817L_S33,,,,,,,no,,,,,NOAA/AOML,SRA894501,,public,56D4E2F7FB488BA044F39D315ABD51D0,B1BF96FEF352AEC06C48AC4F89151F37
SRR9204459,2019-06-05 13:15:27,2019-06-05 13:12:52,273722,165328088,273722,604,100,,https://sra-downloadb.be-md.ncbi.nlm.nih.gov/sos2/sra-pub-run-15/SRR9204459/SRR9204459.1,SRX5975660,C24eexposed072817L,AMPLICON,PCR,METAGENOMIC,PAIRED,0,0,ILLUMINA,Illumina MiSeq,SRP200522,PRJNA546259,,546259,SRS4882369,SAMN11958410,simple,496922,coral metagenome,C24eexposed072817L_S35,,,,,,,no,,,,,NOAA/AOML,SRA894501,,public,9B025381EB5246423EAB39763A041A1B,06803B1B8375939E30A2DC95274FE052
SRR9204483,2019-06-05 13:15:26,2019-06-05 13:13:12,259163,156534452,259163,604,100,,https://sra-downloadb.be-md.ncbi.nlm.nih.gov/sos3/sra-pub-run-19/SRR9204483/SRR9204483.1,SRX5975636,C28bexposed071717M,AMPLICON,PCR,METAGENOMIC,PAIRED,0,0,ILLUMINA,Illumina MiSeq,SRP200522,PRJNA546259,,546259,SRS4882345,SAMN11958386,simple,496922,coral metagenome,C28bexposed071717M_S37,,,,,,,no,,,,,NOAA/AOML,SRA894501,,public,3C3C8B7758391F3CEAEED3CCE42F4B62,774FB97128C578D70A04AAD5DDF8E690
SRR9204478,2019-06-05 13:15:26,2019-06-05 13:13:06,272155,164381620,272155,604,96,,https://sra-downloadb.be-md.ncbi.nlm.nih.gov/sos3/sra-pub-run-19/SRR9204478/SRR9204478.1,SRX5975641,C28cbaseline070717M,AMPLICON,PCR,METAGENOMIC,PAIRED,0,0,ILLUMINA,Illumina MiSeq,SRP200522,PRJNA546259,,546259,SRS4882350,SAMN11958387,simple,496922,coral metagenome,C28cbaseline070717M_S38,,,,,,,no,,,,,NOAA/AOML,SRA894501,,public,6C75138ED38C02DEBCFADBA6F772B9D7,342763FC389104458B5776A9AEDF6B6C
SRR9204477,2019-06-05 13:15:26,2019-06-05 13:13:06,209989,126833356,209989,604,82,,https://sra-downloadb.be-md.ncbi.nlm.nih.gov/sos3/sra-pub-run-19/SRR9204477/SRR9204477.1,SRX5975642,C28cexposed071717M,AMPLICON,PCR,METAGENOMIC,PAIRED,0,0,ILLUMINA,Illumina MiSeq,SRP200522,PRJNA546259,,546259,SRS4882351,SAMN11958388,simple,496922,coral metagenome,C28cexposed071717M_S39,,,,,,,no,,,,,NOAA/AOML,SRA894501,,public,19D030A7D882E979D4520789175844E9,C280087F78D0D9CDE60E56C77F5F0042
SRR9204480,2019-06-05 13:15:26,2019-06-05 13:13:20,268900,162415600,268900,604,105,,https://sra-downloadb.be-md.ncbi.nlm.nih.gov/sos3/sra-pub-run-19/SRR9204480/SRR9204480.1,SRX5975639,C28fbaseline070717M,AMPLICON,PCR,METAGENOMIC,PAIRED,0,0,ILLUMINA,Illumina MiSeq,SRP200522,PRJNA546259,,546259,SRS4882348,SAMN11958389,simple,496922,coral metagenome,C28fbaseline070717M_S40,,,,,,,no,,,,,NOAA/AOML,SRA894501,,public,2C91CF4EBFEA7AC10B92B669AD95E165,EBBF92207DEA9BE68C2AE0F01F63B804
SRR9204479,2019-06-05 13:15:26,2019-06-05 13:13:14,213699,129074196,213699,604,78,,https://sra-downloadb.be-md.ncbi.nlm.nih.gov/sos2/sra-pub-run-15/SRR9204479/SRR9204479.1,SRX5975640,C28hexposed071717M,AMPLICON,PCR,METAGENOMIC,PAIRED,0,0,ILLUMINA,Illumina MiSeq,SRP200522,PRJNA546259,,546259,SRS4882349,SAMN11958390,simple,496922,coral metagenome,C28hexposed071717M_S41,,,,,,,no,,,,,NOAA/AOML,SRA894501,,public,65CA90280D1F3B64325D45744C943D45,66A4077080F71A458DA1DA455BC95E96
SRR9204486,2019-06-05 13:15:26,2019-06-05 13:13:04,174371,105320084,174371,604,62,,https://sra-downloadb.be-md.ncbi.nlm.nih.gov/sos3/sra-pub-run-19/SRR9204486/SRR9204486.1,SRX5975633,C28ibaseline070717M,AMPLICON,PCR,METAGENOMIC,PAIRED,0,0,ILLUMINA,Illumina MiSeq,SRP200522,PRJNA546259,,546259,SRS4882342,SAMN11958391,simple,496922,coral metagenome,C28ibaseline070717M_S42,,,,,,,no,,,,,NOAA/AOML,SRA894501,,public,BDFD2D3CB570F674EE9E23EAD33E1F55,B6B6BBFE624D0D40AE48208B261D0B2F
SRR9204485,2019-06-05 13:15:26,2019-06-05 13:13:05,166582,100615528,166582,604,66,,https://sra-downloadb.be-md.ncbi.nlm.nih.gov/sos2/sra-pub-run-15/SRR9204485/SRR9204485.1,SRX5975634,C28iexposed071717M,AMPLICON,PCR,METAGENOMIC,PAIRED,0,0,ILLUMINA,Illumina MiSeq,SRP200522,PRJNA546259,,546259,SRS4882343,SAMN11958392,simple,496922,coral metagenome,C28iexposed071717M_S43,,,,,,,no,,,,,NOAA/AOML,SRA894501,,public,9577EA1F8D23EC6987B6474B0552B416,3A061D46493DF47B4B83725E347CEB69
SRR9204469,2019-06-05 13:15:27,2019-06-05 13:12:53,223086,134743944,223086,604,79,,https://sra-downloadb.be-md.ncbi.nlm.nih.gov/sos2/sra-pub-run-15/SRR9204469/SRR9204469.1,SRX5975650,C28jexposed071717M,AMPLICON,PCR,METAGENOMIC,PAIRED,0,0,ILLUMINA,Illumina MiSeq,SRP200522,PRJNA546259,,546259,SRS4882359,SAMN11958393,simple,496922,coral metagenome,C28jexposed071717M_S44,,,,,,,no,,,,,NOAA/AOML,SRA894501,,public,699479883FCAACA819E6D45CD0088898,57E257595E2BC09BC333B7BC66D4FD8A
SRR9204470,2019-06-05 13:15:26,2019-06-05 13:12:53,131310,79311240,131310,604,47,,https://sra-downloadb.be-md.ncbi.nlm.nih.gov/sos2/sra-pub-run-15/SRR9204470/SRR9204470.1,SRX5975649,C29bbaseline070717M,AMPLICON,PCR,METAGENOMIC,PAIRED,0,0,ILLUMINA,Illumina MiSeq,SRP200522,PRJNA546259,,546259,SRS4882358,SAMN11958394,simple,496922,coral metagenome,C29bbaseline070717M_S45,,,,,,,no,,,,,NOAA/AOML,SRA894501,,public,9519E6255CC65E87DC74DA758CBB8CDC,076D9EA5586D0D36873E994E519CC553
SRR9204471,2019-06-05 13:15:26,2019-06-05 13:13:22,571913,345435452,571913,604,203,,https://sra-downloadb.be-md.ncbi.nlm.nih.gov/sos3/sra-pub-run-19/SRR9204471/SRR9204471.1,SRX5975648,C29cexposed071717M,AMPLICON,PCR,METAGENOMIC,PAIRED,0,0,ILLUMINA,Illumina MiSeq,SRP200522,PRJNA546259,,546259,SRS4882357,SAMN11958395,simple,496922,coral metagenome,C29cexposed071717M_S46,,,,,,,no,,,,,NOAA/AOML,SRA894501,,public,8BC0466897BBD42EEAC5947D01A99091,A075803AC4B34F8968613B0F305DC2D8
SRR9204472,2019-06-05 13:15:26,2019-06-05 13:13:04,163849,98964796,163849,604,58,,https://sra-downloadb.be-md.ncbi.nlm.nih.gov/sos3/sra-pub-run-19/SRR9204472/SRR9204472.1,SRX5975647,C29dexposed071717M,AMPLICON,PCR,METAGENOMIC,PAIRED,0,0,ILLUMINA,Illumina MiSeq,SRP200522,PRJNA546259,,546259,SRS4882356,SAMN11958396,simple,496922,coral metagenome,C29dexposed071717M_S47,,,,,,,no,,,,,NOAA/AOML,SRA894501,,public,6401BCE1E4B74EC7CA40DA6BCC055183,945FD8C919027657522AB7292F6170B4
SRR9204473,2019-06-05 13:15:26,2019-06-05 13:13:03,187917,113501868,187917,604,67,,https://sra-downloadb.be-md.ncbi.nlm.nih.gov/sos3/sra-pub-run-19/SRR9204473/SRR9204473.1,SRX5975646,C29ebaseline070717M,AMPLICON,PCR,METAGENOMIC,PAIRED,0,0,ILLUMINA,Illumina MiSeq,SRP200522,PRJNA546259,,546259,SRS4882355,SAMN11958397,simple,496922,coral metagenome,C29ebaseline070717M_S51,,,,,,,no,,,,,NOAA/AOML,SRA894501,,public,3B23D33A132A4D542CDB92530A7AAF8C,ACB607DC84F69D9A9BF57B913A41D895
SRR9204474,2019-06-05 13:15:26,2019-06-05 13:13:00,135082,81589528,135082,604,49,,https://sra-downloadb.be-md.ncbi.nlm.nih.gov/sos2/sra-pub-run-15/SRR9204474/SRR9204474.1,SRX5975645,C29eexposed071717M,AMPLICON,PCR,METAGENOMIC,PAIRED,0,0,ILLUMINA,Illumina MiSeq,SRP200522,PRJNA546259,,546259,SRS4882354,SAMN11958398,simple,496922,coral metagenome,C29eexposed071717M_S48,,,,,,,no,,,,,NOAA/AOML,SRA894501,,public,0F5FA2181FC4C66C8110AD4333C6EEC8,300A91F7694CA3B8BF8D57017F57B483
SRR9204475,2019-06-05 13:15:26,2019-06-05 13:12:57,142064,85806656,142064,604,52,,https://sra-downloadb.be-md.ncbi.nlm.nih.gov/sos3/sra-pub-run-19/SRR9204475/SRR9204475.1,SRX5975644,C29fexposed071717M,AMPLICON,PCR,METAGENOMIC,PAIRED,0,0,ILLUMINA,Illumina MiSeq,SRP200522,PRJNA546259,,546259,SRS4882353,SAMN11958399,simple,496922,coral metagenome,C29fexposed071717M_S49,,,,,,,no,,,,,NOAA/AOML,SRA894501,,public,4332A6DAA9BBC9BD379B6E471D989779,EE795EB4D0EEA06A27F3BD46AAA6437A
SRR9204476,2019-06-05 13:15:26,2019-06-05 13:13:03,178975,108100900,178975,604,65,,https://sra-downloadb.be-md.ncbi.nlm.nih.gov/sos3/sra-pub-run-19/SRR9204476/SRR9204476.1,SRX5975643,C29hbaseline070717M,AMPLICON,PCR,METAGENOMIC,PAIRED,0,0,ILLUMINA,Illumina MiSeq,SRP200522,PRJNA546259,,546259,SRS4882352,SAMN11958400,simple,496922,coral metagenome,C29hbaseline070717M_S31,,,,,,,no,,,,,NOAA/AOML,SRA894501,,public,851C71EA9096C977AB80998E3E8CF128,4553FEC9889D1DF5364E53C9908FFB50
SRR9204467,2019-06-05 13:15:27,2019-06-05 13:12:50,130595,78879380,130595,604,48,,https://sra-downloadb.be-md.ncbi.nlm.nih.gov/sos2/sra-pub-run-15/SRR9204467/SRR9204467.1,SRX5975652,C29iexposed071717M,AMPLICON,PCR,METAGENOMIC,PAIRED,0,0,ILLUMINA,Illumina MiSeq,SRP200522,PRJNA546259,,546259,SRS4882361,SAMN11958401,simple,496922,coral metagenome,C29iexposed071717M_S50,,,,,,,no,,,,,NOAA/AOML,SRA894501,,public,AFE71715ACD42132DDC201E2A3BB3B58,85D53BE5D5C61679E38A1B20013C6B2E
SRR9204458,2019-06-05 13:15:27,2019-06-05 13:12:46,142049,85797596,142049,604,52,,https://sra-downloadb.be-md.ncbi.nlm.nih.gov/sos2/sra-pub-run-15/SRR9204458/SRR9204458.1,SRX5975661,C30aexposed071717L,AMPLICON,PCR,METAGENOMIC,PAIRED,0,0,ILLUMINA,Illumina MiSeq,SRP200522,PRJNA546259,,546259,SRS4882370,SAMN11958411,simple,496922,coral metagenome,C30aexposed071717L_S52,,,,,,,no,,,,,NOAA/AOML,SRA894501,,public,88331C26564F94EB408820A47F41EA1D,1EDC3521EFE3D7EF698F549AF63C18BA
SRR9204457,2019-06-05 13:15:27,2019-06-05 13:12:49,162131,97927124,162131,604,58,,https://sra-downloadb.be-md.ncbi.nlm.nih.gov/sos2/sra-pub-run-15/SRR9204457/SRR9204457.1,SRX5975662,C30bexposed071717L,AMPLICON,PCR,METAGENOMIC,PAIRED,0,0,ILLUMINA,Illumina MiSeq,SRP200522,PRJNA546259,,546259,SRS4882371,SAMN11958412,simple,496922,coral metagenome,C30bexposed071717L_S53,,,,,,,no,,,,,NOAA/AOML,SRA894501,,public,24F549A7A7E438C3C6FFF03A295BE822,80BE5D90FA2EE63D0D881E08DE05A9CF
SRR9204506,2019-06-05 13:15:25,2019-06-05 13:13:22,175775,106168100,175775,604,69,,https://sra-downloadb.be-md.ncbi.nlm.nih.gov/sos3/sra-pub-run-19/SRR9204506/SRR9204506.1,SRX5975613,P11hbaseline062217,AMPLICON,PCR,METAGENOMIC,PAIRED,0,0,ILLUMINA,Illumina MiSeq,SRP200522,PRJNA546259,,546259,SRS4882322,SAMN11958443,simple,496922,coral metagenome,P11hbaseline062217_S69,,,,,,,no,,,,,NOAA/AOML,SRA894501,,public,114D4A9BE219CA9106CBFFF8C5892B04,C8F8DA3D936532D6DEB5507C9CAE7209
SRR9204505,2019-06-05 13:15:26,2019-06-05 13:13:12,322064,194526656,322064,604,126,,https://sra-downloadb.be-md.ncbi.nlm.nih.gov/sos2/sra-pub-run-15/SRR9204505/SRR9204505.1,SRX5975614,P11hexposed071717,AMPLICON,PCR,METAGENOMIC,PAIRED,0,0,ILLUMINA,Illumina MiSeq,SRP200522,PRJNA546259,,546259,SRS4882323,SAMN11958444,simple,496922,coral metagenome,P11hexposed071717_S70,,,,,,,no,,,,,NOAA/AOML,SRA894501,,public,E54AA74D5F4BC51C960FFA137F27582A,53234532EC047CDAB8C41126E58F5C14
SRR9204504,2019-06-05 13:15:26,2019-06-05 13:13:12,67241,40613564,67241,604,26,,https://sra-downloadb.be-md.ncbi.nlm.nih.gov/sos3/sra-pub-run-19/SRR9204504/SRR9204504.1,SRX5975615,P12fbaseline062217H,AMPLICON,PCR,METAGENOMIC,PAIRED,0,0,ILLUMINA,Illumina MiSeq,SRP200522,PRJNA546259,,546259,SRS4882324,SAMN11958445,simple,496922,coral metagenome,P12fbaseline062217H_S76,,,,,,,no,,,,,NOAA/AOML,SRA894501,,public,7F3A7082969D9C941C647641DCE75527,1306D249E6E5A7B6E0263F1CF148681A
SRR9204503,2019-06-05 13:15:26,2019-06-05 13:13:25,227725,137545900,227725,604,90,,https://sra-downloadb.be-md.ncbi.nlm.nih.gov/sos3/sra-pub-run-19/SRR9204503/SRR9204503.1,SRX5975616,P12fexposed071717H,AMPLICON,PCR,METAGENOMIC,PAIRED,0,0,ILLUMINA,Illumina MiSeq,SRP200522,PRJNA546259,,546259,SRS4882325,SAMN11958446,simple,496922,coral metagenome,P12fexposed071717H_S77,,,,,,,no,,,,,NOAA/AOML,SRA894501,,public,996993EA767AF0F86F787F2CEB79ABDA,0F6723A3C809A0618A8A029055C6F585
SRR9204510,2019-06-05 13:15:25,2019-06-05 13:13:12,192218,116099672,192218,604,75,,https://sra-downloadb.be-md.ncbi.nlm.nih.gov/sos3/sra-pub-run-19/SRR9204510/SRR9204510.1,SRX5975609,P12gbaseline062217,AMPLICON,PCR,METAGENOMIC,PAIRED,0,0,ILLUMINA,Illumina MiSeq,SRP200522,PRJNA546259,,546259,SRS4882318,SAMN11958447,simple,496922,coral metagenome,P12gbaseline062217_S74,,,,,,,no,,,,,NOAA/AOML,SRA894501,,public,2320879A86124E3E5D927E1D29C8B090,D61D22A0A512321A99A3C39072974EB7
SRR9204509,2019-06-05 13:15:25,2019-06-05 13:13:03,150092,90655568,150092,604,58,,https://sra-downloadb.be-md.ncbi.nlm.nih.gov/sos3/sra-pub-run-19/SRR9204509/SRR9204509.1,SRX5975610,P12gexposed071717,AMPLICON,PCR,METAGENOMIC,PAIRED,0,0,ILLUMINA,Illumina MiSeq,SRP200522,PRJNA546259,,546259,SRS4882319,SAMN11958448,simple,496922,coral metagenome,P12gexposed071717_S75,,,,,,,no,,,,,NOAA/AOML,SRA894501,,public,67CDCE96E5567C6B9CEC6B2A62DB3F6E,66D13784DD248394303A2166DDF96B79
SRR9204508,2019-06-05 13:15:25,2019-06-05 13:13:07,215159,129956036,215159,604,83,,https://sra-downloadb.be-md.ncbi.nlm.nih.gov/sos3/sra-pub-run-19/SRR9204508/SRR9204508.1,SRX5975611,P12ibaseline062217,AMPLICON,PCR,METAGENOMIC,PAIRED,0,0,ILLUMINA,Illumina MiSeq,SRP200522,PRJNA546259,,546259,SRS4882320,SAMN11958449,simple,496922,coral metagenome,P12ibaseline062217_S72,,,,,,,no,,,,,NOAA/AOML,SRA894501,,public,352C9D4E8AAEFE2EF4164C63F79E27DC,54F25AE2E43682D30CB196ADC3603C12
SRR9204507,2019-06-05 13:15:25,2019-06-05 13:13:04,53258,32167832,53258,604,20,,https://sra-downloadb.be-md.ncbi.nlm.nih.gov/sos3/sra-pub-run-19/SRR9204507/SRR9204507.1,SRX5975612,P12iexposed071717,AMPLICON,PCR,METAGENOMIC,PAIRED,0,0,ILLUMINA,Illumina MiSeq,SRP200522,PRJNA546259,,546259,SRS4882321,SAMN11958450,simple,496922,coral metagenome,P12iexposed071717_S73,,,,,,,no,,,,,NOAA/AOML,SRA894501,,public,55CA0E16DF7D4B5F72DA49A4E084CC84,FDF1AAFAAEBB6D34EE351E4E0D5E0F33
SRR9204512,2019-06-05 13:15:25,2019-06-05 13:13:05,183305,110716220,183305,604,71,,https://sra-downloadb.be-md.ncbi.nlm.nih.gov/sos3/sra-pub-run-19/SRR9204512/SRR9204512.1,SRX5975607,P7cbaseline062217H,AMPLICON,PCR,METAGENOMIC,PAIRED,0,0,ILLUMINA,Illumina MiSeq,SRP200522,PRJNA546259,,546259,SRS4882316,SAMN11958451,simple,496922,coral metagenome,P7cbaseline062217H_S78,,,,,,,no,,,,,NOAA/AOML,SRA894501,,public,94ECE9DDE49B18A009C8808A7E769B50,42C0C584EE31ADBDDBBAC4C1481CAD25
SRR9204511,2019-06-05 13:15:25,2019-06-05 13:13:12,363121,219325084,363121,604,143,,https://sra-downloadb.be-md.ncbi.nlm.nih.gov/sos2/sra-pub-run-15/SRR9204511/SRR9204511.1,SRX5975608,P7cexposed071717H,AMPLICON,PCR,METAGENOMIC,PAIRED,0,0,ILLUMINA,Illumina MiSeq,SRP200522,PRJNA546259,,546259,SRS4882317,SAMN11958452,simple,496922,coral metagenome,P7cexposed071717H_S79,,,,,,,no,,,,,NOAA/AOML,SRA894501,,public,DB663074D453C1FFEB851813544BAEE5,79830FDA926BF67B279D0C0E23ECCB9F
SRR9204517,2019-06-05 13:15:25,2019-06-05 13:13:13,159113,96104252,159113,604,62,,https://sra-downloadb.be-md.ncbi.nlm.nih.gov/sos3/sra-pub-run-19/SRR9204517/SRR9204517.1,SRX5975602,P8bbaseline062217H,AMPLICON,PCR,METAGENOMIC,PAIRED,0,0,ILLUMINA,Illumina MiSeq,SRP200522,PRJNA546259,,546259,SRS4882310,SAMN11958457,simple,496922,coral metagenome,P8bbaseline062217H_S84,,,,,,,no,,,,,NOAA/AOML,SRA894501,,public,8FF4569A17D23EBB09A8D206C6F24262,D7B5A0A144E31EE58D4ED77E4B1A3E9A
SRR9204515,2019-06-05 13:15:25,2019-06-05 13:13:04,104577,63164508,104577,604,41,,https://sra-downloadb.be-md.ncbi.nlm.nih.gov/sos3/sra-pub-run-19/SRR9204515/SRR9204515.1,SRX5975604,P8dbaseline062217H,AMPLICON,PCR,METAGENOMIC,PAIRED,0,0,ILLUMINA,Illumina MiSeq,SRP200522,PRJNA546259,,546259,SRS4882313,SAMN11958459,simple,496922,coral metagenome,P8dbaseline062217H_S86,,,,,,,no,,,,,NOAA/AOML,SRA894501,,public,42B2D4E3CAD1D1D80A57E6CC8587A8CE,415F339A2FD5DF76CFAE3DADD88B4DF6
SRR9204516,2019-06-05 13:15:25,2019-06-05 13:13:12,122365,73908460,122365,604,49,,https://sra-downloadb.be-md.ncbi.nlm.nih.gov/sos3/sra-pub-run-19/SRR9204516/SRR9204516.1,SRX5975603,P8dexposed071717H,AMPLICON,PCR,METAGENOMIC,PAIRED,0,0,ILLUMINA,Illumina MiSeq,SRP200522,PRJNA546259,,546259,SRS4882312,SAMN11958460,simple,496922,coral metagenome,P8dexposed071717H_S87,,,,,,,no,,,,,NOAA/AOML,SRA894501,,public,8FD86B6B5C85FEC8AD21A1410ACD46C4,678C319A359557367E54BE4C112E5753
SRR9204513,2019-06-05 13:15:25,2019-06-05 13:13:04,150163,90698452,150163,604,58,,https://sra-downloadb.be-md.ncbi.nlm.nih.gov/sos3/sra-pub-run-19/SRR9204513/SRR9204513.1,SRX5975606,P8gbaseline062217,AMPLICON,PCR,METAGENOMIC,PAIRED,0,0,ILLUMINA,Illumina MiSeq,SRP200522,PRJNA546259,,546259,SRS4882315,SAMN11958461,simple,496922,coral metagenome,P8gbaseline062217_S88,,,,,,,no,,,,,NOAA/AOML,SRA894501,,public,0EDCF64D31FECC299EEEB1437AD09350,E6E329C86877F09917C06C9692126AF0
SRR9204514,2019-06-05 13:15:25,2019-06-05 13:13:12,154818,93510072,154818,604,61,,https://sra-downloadb.be-md.ncbi.nlm.nih.gov/sos2/sra-pub-run-15/SRR9204514/SRR9204514.1,SRX5975605,P8gexposed071717,AMPLICON,PCR,METAGENOMIC,PAIRED,0,0,ILLUMINA,Illumina MiSeq,SRP200522,PRJNA546259,,546259,SRS4882314,SAMN11958462,simple,496922,coral metagenome,P8gexposed071717_S89,,,,,,,no,,,,,NOAA/AOML,SRA894501,,public,95E996D78ECB943B46A4BC6CEF2A6803,5DE29F66D669BC5B0BA40EA3486693E8
SRR9204500,2019-06-05 13:15:26,2019-06-05 13:13:00,173337,104695548,173337,604,68,,https://sra-downloadb.be-md.ncbi.nlm.nih.gov/sos3/sra-pub-run-19/SRR9204500/SRR9204500.1,SRX5975619,P9ebaseline062217,AMPLICON,PCR,METAGENOMIC,PAIRED,0,0,ILLUMINA,Illumina MiSeq,SRP200522,PRJNA546259,,546259,SRS4882328,SAMN11958463,simple,496922,coral metagenome,P9ebaseline062217_S90,,,,,,,no,,,,,NOAA/AOML,SRA894501,,public,0919A850E71320B8C97D2D87893D81DD,3DBFEE0E6546CC49136474B8E909D834
SRR9204499,2019-06-05 13:15:26,2019-06-05 13:13:04,152517,92120268,152517,604,60,,https://sra-downloadb.be-md.ncbi.nlm.nih.gov/sos3/sra-pub-run-19/SRR9204499/SRR9204499.1,SRX5975620,P9eexposed071727,AMPLICON,PCR,METAGENOMIC,PAIRED,0,0,ILLUMINA,Illumina MiSeq,SRP200522,PRJNA546259,,546259,SRS4882329,SAMN11958464,simple,496922,coral metagenome,P9eexposed071727_S91,,,,,,,no,,,,,NOAA/AOML,SRA894501,,public,EBCFCF5C53CC27560D4D2B56BAEC9CCF,CE97DF46AF902A7AADE0DCF61A11297E
SRR9204502,2019-06-05 13:15:26,2019-06-05 13:12:56,50141,30285164,50141,604,19,,https://sra-downloadb.be-md.ncbi.nlm.nih.gov/sos3/sra-pub-run-19/SRR9204502/SRR9204502.1,SRX5975617,P9gbaseline062217,AMPLICON,PCR,METAGENOMIC,PAIRED,0,0,ILLUMINA,Illumina MiSeq,SRP200522,PRJNA546259,,546259,SRS4882326,SAMN11958465,simple,496922,coral metagenome,P9gbaseline062217_S92,,,,,,,no,,,,,NOAA/AOML,SRA894501,,public,E0A9CDA5F6039FD2BAAF20506F23497E,A1DD858E7DA37C58A670BAD5F2A0AEC5
SRR9204501,2019-06-05 13:15:26,2019-06-05 13:13:05,235115,142009460,235115,604,92,,https://sra-downloadb.be-md.ncbi.nlm.nih.gov/sos2/sra-pub-run-15/SRR9204501/SRR9204501.1,SRX5975618,P9gexposed071717,AMPLICON,PCR,METAGENOMIC,PAIRED,0,0,ILLUMINA,Illumina MiSeq,SRP200522,PRJNA546259,,546259,SRS4882327,SAMN11958466,simple,496922,coral metagenome,P9gexposed071717_S93,,,,,,,no,,,,,NOAA/AOML,SRA894501,,public,D9418D19F7B6A08747737CF0D455CB6B,97839BD59DD92A64762D30CDD59F949F
SRR9204498,2019-06-05 13:15:26,2019-06-05 13:13:06,82092,49583568,82092,604,32,,https://sra-downloadb.be-md.ncbi.nlm.nih.gov/sos3/sra-pub-run-19/SRR9204498/SRR9204498.1,SRX5975621,P9ibaseline062217,AMPLICON,PCR,METAGENOMIC,PAIRED,0,0,ILLUMINA,Illumina MiSeq,SRP200522,PRJNA546259,,546259,SRS4882330,SAMN11958467,simple,496922,coral metagenome,P9ibaseline062217_S94,,,,,,,no,,,,,NOAA/AOML,SRA894501,,public,54B69E328AFD19CBFC026C133D20760F,D0DD4733876AF893577FD028D4751663
SRR9204496,2019-06-05 13:15:26,2019-06-05 13:13:03,50752,30654208,50752,604,19,,https://sra-downloadb.be-md.ncbi.nlm.nih.gov/sos3/sra-pub-run-19/SRR9204496/SRR9204496.1,SRX5975623,neg,AMPLICON,PCR,METAGENOMIC,PAIRED,0,0,ILLUMINA,Illumina MiSeq,SRP200522,PRJNA546259,,546259,SRS4882332,SAMN11958373,simple,496922,coral metagenome,neg_S106,,,,,,,no,,,,,NOAA/AOML,SRA894501,,public,55E4FF0C585530C96EA40EF6490022E3,C01CA25BF353D87216622728FC27B5E3

Run,ReleaseDate,LoadDate,spots,bases,spots_with_mates,avgLength,size_MB,AssemblyName,download_path,Experiment,LibraryName,LibraryStrategy,LibrarySelection,LibrarySource,LibraryLayout,InsertSize,InsertDev,Platform,Model,SRAStudy,BioProject,Study_Pubmed_id,ProjectID,Sample,BioSample,SampleType,TaxID,ScientificName,SampleName,g1k_pop_code,source,g1k_analysis_group,Subject_ID,Sex,Disease,Tumor,Affection_Status,Analyte_Type,Histological_Type,Body_Site,CenterName,Submission,dbgap_study_accession,Consent,RunHash,ReadHash
SRR9204550,2019-06-05 13:16:12,2019-06-05 13:13:38,615605,371825420,615605,604,220,,https://sra-downloadb.be-md.ncbi.nlm.nih.gov/sos3/sra-pub-run-21/SRR9204550/SRR9204550.1,SRX5975569,C17abaseline070217H,AMPLICON,PCR,METAGENOMIC,PAIRED,0,0,ILLUMINA,Illumina MiSeq,SRP200522,PRJNA546259,,546259,SRS4882277,SAMN11958420,simple,496922,coral metagenome,C17abaseline070217H_S17,,,,,,,no,,,,,NOAA/AOML,SRA894501,,public,09B9063532B7D6E1CA163005B459FACD,A47693FCC2494ED4B385F66B0392B162
SRR9204543,2019-06-05 13:15:24,2019-06-05 13:13:12,123704,74717216,123704,604,45,,https://sra-downloadb.be-md.ncbi.nlm.nih.gov/sos3/sra-pub-run-19/SRR9204543/SRR9204543.1,SRX5975576,C17aexposed072817H,AMPLICON,PCR,METAGENOMIC,PAIRED,0,0,ILLUMINA,Illumina MiSeq,SRP200522,PRJNA546259,,546259,SRS4882285,SAMN11958421,simple,496922,coral metagenome,C17aexposed072817H_S4,,,,,,,no,,,,,NOAA/AOML,SRA894501,,public,2FFEF31A4E7EE9B455260E0B120C4411,BCAA09DB8D9F5B9079E12A4C6E9C49A3
SRR9204544,2019-06-05 13:15:24,2019-06-05 13:13:04,166230,100402920,166230,604,59,,https://sra-downloadb.be-md.ncbi.nlm.nih.gov/sos3/sra-pub-run-19/SRR9204544/SRR9204544.1,SRX5975575,C17bexposed072817H,AMPLICON,PCR,METAGENOMIC,PAIRED,0,0,ILLUMINA,Illumina MiSeq,SRP200522,PRJNA546259,,546259,SRS4882284,SAMN11958422,simple,496922,coral metagenome,C17bexposed072817H_S5,,,,,,,no,,,,,NOAA/AOML,SRA894501,,public,165973035E07D2E42035746E0026CA7A,B1DDAD0DA65B55EDF0EEF6B59AB0E18D
SRR9204536,2019-06-05 13:15:24,2019-06-05 13:13:04,99668,60199472,99668,604,36,,https://sra-downloadb.be-md.ncbi.nlm.nih.gov/sos3/sra-pub-run-19/SRR9204536/SRR9204536.1,SRX5975583,C17cexposed072817H,AMPLICON,PCR,METAGENOMIC,PAIRED,0,0,ILLUMINA,Illumina MiSeq,SRP200522,PRJNA546259,,546259,SRS4882292,SAMN11958423,simple,496922,coral metagenome,C17cexposed072817H_S6,,,,,,,no,,,,,NOAA/AOML,SRA894501,,public,B34B118B3877495134D0AB18D25805CD,EB5221256F2C99CC608688B8CE3C8148
SRR9204535,2019-06-05 13:15:25,2019-06-05 13:13:23,130994,79120376,130994,604,47,,https://sra-downloadb.be-md.ncbi.nlm.nih.gov/sos3/sra-pub-run-19/SRR9204535/SRR9204535.1,SRX5975584,C17dbaseline070217H,AMPLICON,PCR,METAGENOMIC,PAIRED,0,0,ILLUMINA,Illumina MiSeq,SRP200522,PRJNA546259,,546259,SRS4882293,SAMN11958424,simple,496922,coral metagenome,C17dbaseline070217H_S18,,,,,,,no,,,,,NOAA/AOML,SRA894501,,public,3B86AAF4949B24D9C2CCB80D20F3A5F1,8C833C40C1E4438298064D4E10D4F5CE
SRR9204538,2019-06-05 13:15:24,2019-06-05 13:13:02,135316,81730864,135316,604,49,,https://sra-downloadb.be-md.ncbi.nlm.nih.gov/sos2/sra-pub-run-15/SRR9204538/SRR9204538.1,SRX5975581,C17eexposed072817H,AMPLICON,PCR,METAGENOMIC,PAIRED,0,0,ILLUMINA,Illumina MiSeq,SRP200522,PRJNA546259,,546259,SRS4882290,SAMN11958425,simple,496922,coral metagenome,C17eexposed072817H_S7,,,,,,,no,,,,,NOAA/AOML,SRA894501,,public,69F8AC2E354831B7227672AB35B36A75,1BB830E951891CB5EC6A6B06337AE385
SRR9204537,2019-06-05 13:15:24,2019-06-05 13:13:12,161055,97277220,161055,604,57,,https://sra-downloadb.be-md.ncbi.nlm.nih.gov/sos3/sra-pub-run-19/SRR9204537/SRR9204537.1,SRX5975582,C21abaseline070217H,AMPLICON,PCR,METAGENOMIC,PAIRED,0,0,ILLUMINA,Illumina MiSeq,SRP200522,PRJNA546259,,546259,SRS4882291,SAMN11958426,simple,496922,coral metagenome,C21abaseline070217H_S22,,,,,,,no,,,,,NOAA/AOML,SRA894501,,public,241741D58AADF37422FE74E070EBD367,DBDE8536357C7AB4B9241AEBB3D021F1
SRR9204540,2019-06-05 13:15:24,2019-06-05 13:13:12,102772,62074288,102772,604,37,,https://sra-downloadb.be-md.ncbi.nlm.nih.gov/sos2/sra-pub-run-15/SRR9204540/SRR9204540.1,SRX5975579,C21cbaseline070217H,AMPLICON,PCR,METAGENOMIC,PAIRED,0,0,ILLUMINA,Illumina MiSeq,SRP200522,PRJNA546259,,546259,SRS4882289,SAMN11958427,simple,496922,coral metagenome,C21cbaseline070217H_S24,,,,,,,no,,,,,NOAA/AOML,SRA894501,,public,07903691573DF870798A87C4EEFC7204,CC7553387D5AC019EFDCBA1DFB915CC4
SRR9204539,2019-06-05 13:15:24,2019-06-05 13:13:01,88494,53450376,88494,604,31,,https://sra-downloadb.be-md.ncbi.nlm.nih.gov/sos2/sra-pub-run-15/SRR9204539/SRR9204539.1,SRX5975580,C21cexposed072817H,AMPLICON,PCR,METAGENOMIC,PAIRED,0,0,ILLUMINA,Illumina MiSeq,SRP200522,PRJNA546259,,546259,SRS4882288,SAMN11958428,simple,496922,coral metagenome,C21cexposed072817H_S23,,,,,,,no,,,,,NOAA/AOML,SRA894501,,public,D0B31E35182B1B5B0F5C42777055223F,78B6D1FB0D81F1B8F19C613D5406AB55
SRR9204542,2019-06-05 13:15:24,2019-06-05 13:13:12,121497,73384188,121497,604,44,,https://sra-downloadb.be-md.ncbi.nlm.nih.gov/sos3/sra-pub-run-19/SRR9204542/SRR9204542.1,SRX5975577,C21dbaseline070217H,AMPLICON,PCR,METAGENOMIC,PAIRED,0,0,ILLUMINA,Illumina MiSeq,SRP200522,PRJNA546259,,546259,SRS4882286,SAMN11958429,simple,496922,coral metagenome,C21dbaseline070217H_S25,,,,,,,no,,,,,NOAA/AOML,SRA894501,,public,F3EF73C7FEFD33777A1A579FA98C7F63,498B78F5C1DA08531548B55D9D970635
SRR9204541,2019-06-05 13:15:24,2019-06-05 13:13:23,125413,75749452,125413,604,45,,https://sra-downloadb.be-md.ncbi.nlm.nih.gov/sos3/sra-pub-run-19/SRR9204541/SRR9204541.1,SRX5975578,C22abaseline070217,AMPLICON,PCR,METAGENOMIC,PAIRED,0,0,ILLUMINA,Illumina MiSeq,SRP200522,PRJNA546259,,546259,SRS4882287,SAMN11958430,simple,496922,coral metagenome,C22abaseline070217_S27,,,,,,,no,,,,,NOAA/AOML,SRA894501,,public,0BDBC2B76F151055E1D1999FDC703607,DC1D37F3EC2162136AA63E825AAF724A
SRR9204534,2019-06-05 13:15:25,2019-06-05 13:13:03,140293,84736972,140293,604,50,,https://sra-downloadb.be-md.ncbi.nlm.nih.gov/sos3/sra-pub-run-19/SRR9204534/SRR9204534.1,SRX5975585,C22cexposed072817H,AMPLICON,PCR,METAGENOMIC,PAIRED,0,0,ILLUMINA,Illumina MiSeq,SRP200522,PRJNA546259,,546259,SRS4882294,SAMN11958431,simple,496922,coral metagenome,C22cexposed072817H_S26,,,,,,,no,,,,,NOAA/AOML,SRA894501,,public,F7FFC4B5A9D7F336F6822272040FE434,8ED1CB6AE38C33DDCF84222C91845D42
SRR9204533,2019-06-05 13:15:25,2019-06-05 13:13:23,212034,128068536,212034,604,75,,https://sra-downloadb.be-md.ncbi.nlm.nih.gov/sos3/sra-pub-run-19/SRR9204533/SRR9204533.1,SRX5975586,C22ebaseline070217H,AMPLICON,PCR,METAGENOMIC,PAIRED,0,0,ILLUMINA,Illumina MiSeq,SRP200522,PRJNA546259,,546259,SRS4882295,SAMN11958432,simple,496922,coral metagenome,C22ebaseline070217H_S28,,,,,,,no,,,,,NOAA/AOML,SRA894501,,public,9A03891072B68F288A4ADEE78D92BD64,D1DC87E93CD3C66FB2315C0AD78CEF36
SRR9204529,2019-06-05 13:15:25,2019-06-05 13:12:37,2125,1283500,2125,604,0,,https://sra-downloadb.be-md.ncbi.nlm.nih.gov/sos3/sra-pub-run-25/SRR9204529/SRR9204529.1,SRX5975590,C22eexposed072817H,AMPLICON,PCR,METAGENOMIC,PAIRED,0,0,ILLUMINA,Illumina MiSeq,SRP200522,PRJNA546259,,546259,SRS4882298,SAMN11958433,simple,496922,coral metagenome,C22eexposed072817H_S29,,,,,,,no,,,,,NOAA/AOML,SRA894501,,public,DC1029A5177CCE1BD77E84AF61289F17,A9634BE5819F0084C13F9E3344540F5C
SRR9204547,2019-06-05 13:15:24,2019-06-05 13:13:06,211000,127444000,211000,604,75,,https://sra-downloadb.be-md.ncbi.nlm.nih.gov/sos3/sra-pub-run-19/SRR9204547/SRR9204547.1,SRX5975572,C30fexposed071717L,AMPLICON,PCR,METAGENOMIC,PAIRED,0,0,ILLUMINA,Illumina MiSeq,SRP200522,PRJNA546259,,546259,SRS4882281,SAMN11958413,simple,496922,coral metagenome,C30fexposed071717L_S57,,,,,,,no,,,,,NOAA/AOML,SRA894501,,public,47E12806819BBDDA6EBCF93613A91307,C8A765821814D5EA5AFACD59DD0487A2
SRR9204548,2019-06-05 13:15:24,2019-06-05 13:13:12,111667,67446868,111667,604,40,,https://sra-downloadb.be-md.ncbi.nlm.nih.gov/sos2/sra-pub-run-15/SRR9204548/SRR9204548.1,SRX5975571,C30gbaseline070717,AMPLICON,PCR,METAGENOMIC,PAIRED,0,0,ILLUMINA,Illumina MiSeq,SRP200522,PRJNA546259,,546259,SRS4882280,SAMN11958414,simple,496922,coral metagenome,C30gbaseline070717_S59,,,,,,,no,,,,,NOAA/AOML,SRA894501,,public,8E1382997ECB2474153AC7BEA6623BD0,DE4B6ED21DF46538523D2A93515FF514
SRR9204545,2019-06-05 13:15:24,2019-06-05 13:13:12,126668,76507472,126668,604,46,,https://sra-downloadb.be-md.ncbi.nlm.nih.gov/sos3/sra-pub-run-19/SRR9204545/SRR9204545.1,SRX5975574,C30gexposed071717L,AMPLICON,PCR,METAGENOMIC,PAIRED,0,0,ILLUMINA,Illumina MiSeq,SRP200522,PRJNA546259,,546259,SRS4882283,SAMN11958415,simple,496922,coral metagenome,C30gexposed071717L_S56,,,,,,,no,,,,,NOAA/AOML,SRA894501,,public,5E15E59F2DF788FAD7531D53B185C43D,668936B541772DC593F31EAE0ADEDDE5
SRR9204546,2019-06-05 13:15:24,2019-06-05 13:13:12,101642,61391768,101642,604,37,,https://sra-downloadb.be-md.ncbi.nlm.nih.gov/sos3/sra-pub-run-19/SRR9204546/SRR9204546.1,SRX5975573,C30hexposed071717L,AMPLICON,PCR,METAGENOMIC,PAIRED,0,0,ILLUMINA,Illumina MiSeq,SRP200522,PRJNA546259,,546259,SRS4882282,SAMN11958416,simple,496922,coral metagenome,C30hexposed071717L_S58,,,,,,,no,,,,,NOAA/AOML,SRA894501,,public,370980CC626BDEA6EABC9DB6BA77B79F,2874300EB809F2873FF156F3BB6AF68C
SRR9204551,2019-06-05 13:15:24,2019-06-05 13:13:03,231495,139822980,231495,604,83,,https://sra-downloadb.be-md.ncbi.nlm.nih.gov/sos3/sra-pub-run-19/SRR9204551/SRR9204551.1,SRX5975568,C30ibaseline070717L,AMPLICON,PCR,METAGENOMIC,PAIRED,0,0,ILLUMINA,Illumina MiSeq,SRP200522,PRJNA546259,,546259,SRS4882278,SAMN11958417,simple,496922,coral metagenome,C30ibaseline070717L_S54,,,,,,,no,,,,,NOAA/AOML,SRA894501,,public,A65A8EE82D4F7FEABAA4A091B50D682B,1BB99C97E570F6A32EAD9C9A2C9EA69A
SRR9204552,2019-06-05 13:15:24,2019-06-05 13:13:12,87295,52726180,87295,604,31,,https://sra-downloadb.be-md.ncbi.nlm.nih.gov/sos2/sra-pub-run-15/SRR9204552/SRR9204552.1,SRX5975567,C30jbaseline070717,AMPLICON,PCR,METAGENOMIC,PAIRED,0,0,ILLUMINA,Illumina MiSeq,SRP200522,PRJNA546259,,546259,SRS4882276,SAMN11958418,simple,496922,coral metagenome,C30jbaseline070717_S60,,,,,,,no,,,,,NOAA/AOML,SRA894501,,public,E32ACB9A528C72E98FB8DD044D8E5DFA,2A09EC27A1CF74A052FFEF8D3041C368
SRR9204549,2019-06-05 13:15:24,2019-06-05 13:13:00,68309,41258636,68309,604,25,,https://sra-downloadb.be-md.ncbi.nlm.nih.gov/sos3/sra-pub-run-19/SRR9204549/SRR9204549.1,SRX5975570,C30jexposed071717L,AMPLICON,PCR,METAGENOMIC,PAIRED,0,0,ILLUMINA,Illumina MiSeq,SRP200522,PRJNA546259,,546259,SRS4882279,SAMN11958419,simple,496922,coral metagenome,C30jexposed071717L_S55,,,,,,,no,,,,,NOAA/AOML,SRA894501,,public,A7569C8056038E4C7A3CB9824D4F1845,B95A2D18F5482143BCADF029447C519C
SRR9204530,2019-06-05 13:15:25,2019-06-05 13:13:13,148336,89594944,148336,604,59,,https://sra-downloadb.be-md.ncbi.nlm.nih.gov/sos2/sra-pub-run-15/SRR9204530/SRR9204530.1,SRX5975589,P10dbaseline062217H,AMPLICON,PCR,METAGENOMIC,PAIRED,0,0,ILLUMINA,Illumina MiSeq,SRP200522,PRJNA546259,,546259,SRS4882299,SAMN11958434,simple,496922,coral metagenome,P10dbaseline062217H_S61,,,,,,,no,,,,,NOAA/AOML,SRA894501,,public,E957960C01D7B0FA78D3853737A71112,2784E7D434863F29C18CEF8D460B3535
SRR9204531,2019-06-05 13:15:25,2019-06-05 13:13:14,170042,102705368,170042,604,66,,https://sra-downloadb.be-md.ncbi.nlm.nih.gov/sos2/sra-pub-run-15/SRR9204531/SRR9204531.1,SRX5975588,P10dexposed071717H,AMPLICON,PCR,METAGENOMIC,PAIRED,0,0,ILLUMINA,Illumina MiSeq,SRP200522,PRJNA546259,,546259,SRS4882297,SAMN11958435,simple,496922,coral metagenome,P10dexposed071717H_S62,,,,,,,no,,,,,NOAA/AOML,SRA894501,,public,5359E085CB73EB150F88F09F910392B7,16A543D990171541A1F4CFF1BC7FC73F
SRR9204532,2019-06-05 13:16:12,2019-06-05 13:14:01,160996,97241584,160996,604,63,,https://sra-downloadb.be-md.ncbi.nlm.nih.gov/sos2/sra-pub-run-15/SRR9204532/SRR9204532.1,SRX5975587,P10ebaseline062217H,AMPLICON,PCR,METAGENOMIC,PAIRED,0,0,ILLUMINA,Illumina MiSeq,SRP200522,PRJNA546259,,546259,SRS4882296,SAMN11958436,simple,496922,coral metagenome,P10ebaseline062217H_S63,,,,,,,no,,,,,NOAA/AOML,SRA894501,,public,39E91DE2BC84F7F60A613D2E334254AE,566AA4FABC44B4494B80BAB7FC6E39B5
SRR9204525,2019-06-05 13:15:25,2019-06-05 13:13:12,198953,120167612,198953,604,78,,https://sra-downloadb.be-md.ncbi.nlm.nih.gov/sos3/sra-pub-run-19/SRR9204525/SRR9204525.1,SRX5975594,P10eexposed071717H,AMPLICON,PCR,METAGENOMIC,PAIRED,0,0,ILLUMINA,Illumina MiSeq,SRP200522,PRJNA546259,,546259,SRS4882303,SAMN11958437,simple,496922,coral metagenome,P10eexposed071717H_S64,,,,,,,no,,,,,NOAA/AOML,SRA894501,,public,CB0C38E4E780BA635FDA6D7BF479AA1C,D2E7D693271392516EE33A431FEF7E0D
SRR9204526,2019-06-05 13:15:25,2019-06-05 13:13:00,64587,39010548,64587,604,25,,https://sra-downloadb.be-md.ncbi.nlm.nih.gov/sos2/sra-pub-run-15/SRR9204526/SRR9204526.1,SRX5975593,P10hexposed071717,AMPLICON,PCR,METAGENOMIC,PAIRED,0,0,ILLUMINA,Illumina MiSeq,SRP200522,PRJNA546259,,546259,SRS4882302,SAMN11958438,simple,496922,coral metagenome,P10hexposed071717_S66,,,,,,,no,,,,,NOAA/AOML,SRA894501,,public,4EEB1A2C0E072FDAB50A861FA23E5056,ED08A566C552F8BCD770C47A9007E5B3
SRR9204527,2019-06-05 13:15:25,2019-06-05 13:13:12,182513,110237852,182513,604,71,,https://sra-downloadb.be-md.ncbi.nlm.nih.gov/sos3/sra-pub-run-19/SRR9204527/SRR9204527.1,SRX5975592,P10ibaseline062217H,AMPLICON,PCR,METAGENOMIC,PAIRED,0,0,ILLUMINA,Illumina MiSeq,SRP200522,PRJNA546259,,546259,SRS4882301,SAMN11958439,simple,496922,coral metagenome,P10ibaseline062217H_S65,,,,,,,no,,,,,NOAA/AOML,SRA894501,,public,AB532011E446961F8F3B47FDCC5F19CB,F8B2972F427F3E0EB71288D7880A9BFB
SRR9204528,2019-06-05 13:15:25,2019-06-05 13:13:21,518680,313282720,518680,604,201,,https://sra-downloadb.be-md.ncbi.nlm.nih.gov/sos3/sra-pub-run-19/SRR9204528/SRR9204528.1,SRX5975591,P11bbaseline062217H,AMPLICON,PCR,METAGENOMIC,PAIRED,0,0,ILLUMINA,Illumina MiSeq,SRP200522,PRJNA546259,,546259,SRS4882300,SAMN11958440,simple,496922,coral metagenome,P11bbaseline062217H_S67,,,,,,,no,,,,,NOAA/AOML,SRA894501,,public,86D80B13FCADD8EB045225604A5B9D33,4192E62D2E13448893C13D9E2141A2F8
SRR9204523,2019-06-05 13:15:25,2019-06-05 13:13:12,226627,136882708,226627,604,87,,https://sra-downloadb.be-md.ncbi.nlm.nih.gov/sos3/sra-pub-run-19/SRR9204523/SRR9204523.1,SRX5975596,P11bexposed071717H,AMPLICON,PCR,METAGENOMIC,PAIRED,0,0,ILLUMINA,Illumina MiSeq,SRP200522,PRJNA546259,,546259,SRS4882304,SAMN11958441,simple,496922,coral metagenome,P11bexposed071717H_S68,,,,,,,no,,,,,NOAA/AOML,SRA894501,,public,D7937550F207FDB97A34FC2B8CCEBDF1,3C37AF1893AA3F7B17F4E7A12B42F6E3
SRR9204524,2019-06-05 13:15:25,2019-06-05 13:13:12,274480,165785920,274480,604,107,,https://sra-downloadb.be-md.ncbi.nlm.nih.gov/sos2/sra-pub-run-15/SRR9204524/SRR9204524.1,SRX5975595,P11eexposed071717,AMPLICON,PCR,METAGENOMIC,PAIRED,0,0,ILLUMINA,Illumina MiSeq,SRP200522,PRJNA546259,,546259,SRS4882305,SAMN11958442,simple,496922,coral metagenome,P11eexposed071717_S71,,,,,,,no,,,,,NOAA/AOML,SRA894501,,public,3D54727C0F6C3C4570DE7222C26D80DA,3236F1C32AD6523DCAAF1063FA034837
SRR9204521,2019-06-05 13:15:25,2019-06-05 13:13:16,207483,125319732,207483,604,81,,https://sra-downloadb.be-md.ncbi.nlm.nih.gov/sos2/sra-pub-run-15/SRR9204521/SRR9204521.1,SRX5975598,P7hbaseline062217H,AMPLICON,PCR,METAGENOMIC,PAIRED,0,0,ILLUMINA,Illumina MiSeq,SRP200522,PRJNA546259,,546259,SRS4882307,SAMN11958453,simple,496922,coral metagenome,P7hbaseline062217H_S82,,,,,,,no,,,,,NOAA/AOML,SRA894501,,public,4A2FE65D4909B590BC6452F6AC87F435,115AA2F24C32E215439117CA7FD76A0A
SRR9204522,2019-06-05 13:15:25,2019-06-05 13:13:05,152848,92320192,152848,604,60,,https://sra-downloadb.be-md.ncbi.nlm.nih.gov/sos3/sra-pub-run-19/SRR9204522/SRR9204522.1,SRX5975597,P7hexposed071717H,AMPLICON,PCR,METAGENOMIC,PAIRED,0,0,ILLUMINA,Illumina MiSeq,SRP200522,PRJNA546259,,546259,SRS4882306,SAMN11958454,simple,496922,coral metagenome,P7hexposed071717H_S83,,,,,,,no,,,,,NOAA/AOML,SRA894501,,public,C46878000D154582E1FD48700B079727,9E27A1FA2F739BDAF45AA47654F7F32D
SRR9204519,2019-06-05 13:15:25,2019-06-05 13:13:12,408058,246467032,408058,604,162,,https://sra-downloadb.be-md.ncbi.nlm.nih.gov/sos3/sra-pub-run-19/SRR9204519/SRR9204519.1,SRX5975600,P7ibaseline062217,AMPLICON,PCR,METAGENOMIC,PAIRED,0,0,ILLUMINA,Illumina MiSeq,SRP200522,PRJNA546259,,546259,SRS4882309,SAMN11958455,simple,496922,coral metagenome,P7ibaseline062217_S80,,,,,,,no,,,,,NOAA/AOML,SRA894501,,public,4171AD6815683A5F83AC798BC4586E1A,A15EA794A9F0A6C60EC5B80AF856FB24
SRR9204520,2019-06-05 13:15:25,2019-06-05 13:13:13,192900,116511600,192900,604,74,,https://sra-downloadb.be-md.ncbi.nlm.nih.gov/sos2/sra-pub-run-15/SRR9204520/SRR9204520.1,SRX5975599,P7iexposed071717,AMPLICON,PCR,METAGENOMIC,PAIRED,0,0,ILLUMINA,Illumina MiSeq,SRP200522,PRJNA546259,,546259,SRS4882308,SAMN11958456,simple,496922,coral metagenome,P7iexposed071717_S81,,,,,,,no,,,,,NOAA/AOML,SRA894501,,public,262D56AD5C10ADF08E04C9356D44575D,31BCED82687762058DDA16BC1B989565
SRR9204518,2019-06-05 13:15:25,2019-06-05 13:13:05,198536,119915744,198536,604,78,,https://sra-downloadb.be-md.ncbi.nlm.nih.gov/sos2/sra-pub-run-15/SRR9204518/SRR9204518.1,SRX5975601,P8bexposed071717H,AMPLICON,PCR,METAGENOMIC,PAIRED,0,0,ILLUMINA,Illumina MiSeq,SRP200522,PRJNA546259,,546259,SRS4882311,SAMN11958458,simple,496922,coral metagenome,P8bexposed071717H_S85,,,,,,,no,,,,,NOAA/AOML,SRA894501,,public,6600D49E20A3303A0739124E1F7C46D1,9DB0186D967326943CA28AF9C3A63E3D
